<?xml version="1.0" encoding="UTF-8"?>
<definitions xmlns="https://www.omg.org/spec/DMN/20191111/MODEL/" xmlns:dmndi="https://www.omg.org/spec/DMN/20191111/DMNDI/" xmlns:dc="http://www.omg.org/spec/DMN/20180521/DC/" xmlns:di="http://www.omg.org/spec/DMN/20180521/DI/" xmlns:biodi="http://bpmn.io/schema/dmn/biodi/2.0" id="EnergyReading" name="UC2_EnergyReading" namespace="http://camunda.org/schema/1.0/dmn" exporter="dmn-js (https://demo.bpmn.io/dmn)" exporterVersion="12.1.0">
  <decision id="UC2_EnergyReading" name="PersistEnergyReading">
    <informationRequirement id="InformationRequirement_03e647r">
      <requiredInput href="#InputData_08dodoz" />
    </informationRequirement>
    <decisionTable id="DecisionTable_1u1a9c7" hitPolicy="FIRST">
      <input id="InputClause_0th0y8x" label="energyReading" biodi:width="192">
        <inputExpression id="LiteralExpression_18kor37" typeRef="string" expressionLanguage="feel">
          <text>energyReading</text>
        </inputExpression>
      </input>
      <output id="OutputClause_1pc2cy4" label="messageToDevice" name="Persist" typeRef="string" biodi:width="509" />
      <rule id="DecisionRule_0z6vo1v">
        <inputEntry id="UnaryTests_1os6nu2">
          <text>not(null)</text>
        </inputEntry>
        <outputEntry id="LiteralExpression_11vxr9s" expressionLanguage="groovy">
          <text>dab.sendEvent(Event(energyReading, "SMS", triggerDevice))</text>
        </outputEntry>
      </rule>
    </decisionTable>
  </decision>
  <inputData id="InputData_08dodoz" name="energyReading" />
  <dmndi:DMNDI>
    <dmndi:DMNDiagram>
      <dmndi:DMNShape dmnElementRef="UC2_EnergyReading">
        <dc:Bounds height="80" width="180" x="500" y="80" />
      </dmndi:DMNShape>
      <dmndi:DMNShape id="DMNShape_1gl1uin" dmnElementRef="InputData_08dodoz">
        <dc:Bounds height="45" width="125" x="177" y="97" />
      </dmndi:DMNShape>
      <dmndi:DMNEdge id="DMNEdge_0be1odq" dmnElementRef="InformationRequirement_03e647r">
        <di:waypoint x="302" y="120" />
        <di:waypoint x="480" y="120" />
        <di:waypoint x="500" y="120" />
      </dmndi:DMNEdge>
    </dmndi:DMNDiagram>
  </dmndi:DMNDI>
</definitions>