<?xml version="1.0" encoding="UTF-8"?>
<definitions xmlns="https://www.omg.org/spec/DMN/20191111/MODEL/" xmlns:dmndi="https://www.omg.org/spec/DMN/20191111/DMNDI/" xmlns:dc="http://www.omg.org/spec/DMN/20180521/DC/" xmlns:di="http://www.omg.org/spec/DMN/20180521/DI/" xmlns:biodi="http://bpmn.io/schema/dmn/biodi/2.0" id="Definitions_049457m" name="DRD" namespace="http://camunda.org/schema/1.0/dmn" exporter="Camunda Modeler" exporterVersion="5.1.0">
  <decision id="amount" name="amount">
    <informationRequirement id="InformationRequirement_0rjq293">
      <requiredInput href="#InputData_08dodoz" />
    </informationRequirement>
    <decisionTable id="DecisionTable_1azkhd1">
      <input id="InputClause_0h1a0d8" label="electricCharged">
        <inputExpression id="LiteralExpression_0yz44uv" typeRef="long">
          <text>electricCharged</text>
        </inputExpression>
      </input>
      <output id="OutputClause_1ma62xt" label="totalAmount" name="totalAmount" typeRef="long" biodi:width="192" />
      <output id="OutputClause_0kegrdr" label="action" name="action" typeRef="string" biodi:width="192" />
      <output id="OutputClause_0dgs32o" label="offchain" name="offchain" typeRef="string" />
      <rule id="DecisionRule_18attkr">
        <inputEntry id="UnaryTests_1rwyeht">
          <text>&lt;= 0</text>
        </inputEntry>
        <outputEntry id="LiteralExpression_1s9tb1s">
          <text>0</text>
        </outputEntry>
        <outputEntry id="LiteralExpression_0ba3fp1" expressionLanguage="groovy">
          <text>dab.sendEvent(Event("STOP_CHARGE", "SMS", triggerDevice))</text>
        </outputEntry>
        <outputEntry id="LiteralExpression_1j8hrqr" expressionLanguage="feel">
          <text></text>
        </outputEntry>
      </rule>
      <rule id="DecisionRule_08g757l">
        <inputEntry id="UnaryTests_1kegwas">
          <text>[1..99]</text>
        </inputEntry>
        <outputEntry id="LiteralExpression_025mgj0" expressionLanguage="feel">
          <text>electricCharged*3</text>
        </outputEntry>
        <outputEntry id="LiteralExpression_09yeimo" expressionLanguage="groovy">
          <text>corda.payService(triggerDevice, targetDevice, electricCharged*3, Event("START_CHARGE", "SMS", triggerDevice), Event("STOP_CHARGE", "SMS", triggerDevice))
                    </text>
        </outputEntry>
        <outputEntry id="LiteralExpression_1blvw77" expressionLanguage="groovy">
          <text>corda.offChain("EV_CHARGE_START", service, triggerDevice, targetDevice, [operation: "LE Electric Vehicle Charging"])</text>
        </outputEntry>
      </rule>
      <rule id="DecisionRule_0ila6un">
        <inputEntry id="UnaryTests_1ipz95r">
          <text>&gt;= 100</text>
        </inputEntry>
        <outputEntry id="LiteralExpression_1yscpv5" expressionLanguage="feel">
          <text>electricCharged*5</text>
        </outputEntry>
        <outputEntry id="LiteralExpression_1nb02y2" expressionLanguage="groovy">
          <text>corda.payService(triggerDevice, targetDevice, electricCharged*5, Event("START_CHARGE", "SMS", triggerDevice), Event("STOP_CHARGE", "SMS", triggerDevice))
                    </text>
        </outputEntry>
        <outputEntry id="LiteralExpression_0typgn5" expressionLanguage="groovy">
          <text>corda.offChain("EV_CHARGE_START", service, triggerDevice, targetDevice, [operation: "GT Electric Vehicle Charging"])</text>
        </outputEntry>
      </rule>
    </decisionTable>
  </decision>
  <inputData id="InputData_08dodoz" name="electricCharged" />
  <dmndi:DMNDI>
    <dmndi:DMNDiagram>
      <dmndi:DMNShape id="DMNShape_1k60d5r" dmnElementRef="amount">
        <dc:Bounds height="80" width="180" x="440" y="80" />
      </dmndi:DMNShape>
      <dmndi:DMNShape id="DMNShape_1gl1uin" dmnElementRef="InputData_08dodoz">
        <dc:Bounds height="45" width="125" x="177" y="97" />
      </dmndi:DMNShape>
      <dmndi:DMNEdge id="DMNEdge_0ocd9fe" dmnElementRef="InformationRequirement_0rjq293">
        <di:waypoint x="302" y="120" />
        <di:waypoint x="420" y="120" />
        <di:waypoint x="440" y="120" />
      </dmndi:DMNEdge>
    </dmndi:DMNDiagram>
  </dmndi:DMNDI>
</definitions>
