<?xml version="1.0" encoding="UTF-8"?>
<definitions xmlns="https://www.omg.org/spec/DMN/20191111/MODEL/"
             xmlns:dmndi="https://www.omg.org/spec/DMN/20191111/DMNDI/"
             xmlns:dc="http://www.omg.org/spec/DMN/20180521/DC/" xmlns:di="http://www.omg.org/spec/DMN/20180521/DI/"
             xmlns:biodi="http://bpmn.io/schema/dmn/biodi/2.0" id="Definitions_049457m" name="EX3_Custom_Service"
             namespace="http://camunda.org/schema/1.0/dmn" exporter="dmn-js (https://demo.bpmn.io/dmn)"
             exporterVersion="12.1.0">
    <decision id="EX3_CustomService" name="alarm">
        <informationRequirement id="InformationRequirement_0wd2t4m">
            <requiredDecision href="#temperatureThreshold"/>
        </informationRequirement>
        <decisionTable id="DecisionTable_1u1a9c7">
            <input id="InputClause_0th0y8x" label="thresholdExceeded" biodi:width="192">
                <inputExpression id="LiteralExpression_18kor37" typeRef="string" expressionLanguage="groovy">
                    <text>thresholdExceeded</text>
                </inputExpression>
            </input>
            <output id="OutputClause_1pc2cy4" label="alarm" name="action" typeRef="string"/>
            <rule id="DecisionRule_0z6vo1v">
                <inputEntry id="UnaryTests_1os6nu2">
                    <text>"yes"</text>
                </inputEntry>
                <outputEntry id="LiteralExpression_11vxr9s" expressionLanguage="groovy">
                    <text>dab.sendEvent(Event("ABOVE THRESHOLD", "SMS", targetDevice))</text>
                </outputEntry>
            </rule>
            <rule id="DecisionRule_0kr681y">
                <inputEntry id="UnaryTests_098y0vr">
                    <text>"no"</text>
                </inputEntry>
                <outputEntry id="LiteralExpression_1uptv4r" expressionLanguage="groovy">
                    <text>dab.sendEvent(Event("BELOW THRESHOLD", "SMS", targetDevice))</text>
                </outputEntry>
            </rule>
        </decisionTable>
    </decision>
    <decision id="temperatureThreshold" name="temperatureThreshold">
        <informationRequirement id="InformationRequirement_0rjq293">
            <requiredInput href="#InputData_08dodoz"/>
        </informationRequirement>
        <decisionTable id="DecisionTable_1azkhd1" hitPolicy="FIRST">
            <input id="InputClause_0h1a0d8" label="temperatureReading">
                <inputExpression id="LiteralExpression_0yz44uv" typeRef="long">
                    <text>temperatureReading</text>
                </inputExpression>
            </input>
            <output id="OutputClause_1ma62xt" label="thresholdExceeded" name="thresholdExceeded" typeRef="string"
                    biodi:width="192"/>
            <rule id="DecisionRule_08g757l">
                <inputEntry id="UnaryTests_1kegwas">
                    <text>&lt; 50</text>
                </inputEntry>
                <outputEntry id="LiteralExpression_025mgj0" expressionLanguage="groovy">
                    <text>"no"</text>
                </outputEntry>
            </rule>
            <rule id="DecisionRule_0ila6un">
                <inputEntry id="UnaryTests_1ipz95r">
                    <text>&gt;= 50</text>
                </inputEntry>
                <outputEntry id="LiteralExpression_1yscpv5" expressionLanguage="groovy">
                    <text>"yes"</text>
                </outputEntry>
            </rule>
        </decisionTable>
    </decision>
    <inputData id="InputData_08dodoz" name="temperatureReading"/>
    <dmndi:DMNDI>
        <dmndi:DMNDiagram>
            <dmndi:DMNShape dmnElementRef="EX3_CustomService">
                <dc:Bounds height="80" width="180" x="740" y="80"/>
            </dmndi:DMNShape>
            <dmndi:DMNShape id="DMNShape_1k60d5r" dmnElementRef="temperatureThreshold">
                <dc:Bounds height="80" width="180" x="440" y="80"/>
            </dmndi:DMNShape>
            <dmndi:DMNEdge id="DMNEdge_01a7xw1" dmnElementRef="InformationRequirement_0wd2t4m">
                <di:waypoint x="620" y="120"/>
                <di:waypoint x="720" y="120"/>
                <di:waypoint x="740" y="120"/>
            </dmndi:DMNEdge>
            <dmndi:DMNShape id="DMNShape_1gl1uin" dmnElementRef="InputData_08dodoz">
                <dc:Bounds height="45" width="125" x="177" y="97"/>
            </dmndi:DMNShape>
            <dmndi:DMNEdge id="DMNEdge_0ocd9fe" dmnElementRef="InformationRequirement_0rjq293">
                <di:waypoint x="302" y="120"/>
                <di:waypoint x="420" y="120"/>
                <di:waypoint x="440" y="120"/>
            </dmndi:DMNEdge>
        </dmndi:DMNDiagram>
    </dmndi:DMNDI>
</definitions>
