<?xml version="1.0" encoding="UTF-8"?>
<definitions xmlns="https://www.omg.org/spec/DMN/20191111/MODEL/" xmlns:dmndi="https://www.omg.org/spec/DMN/20191111/DMNDI/" xmlns:dc="http://www.omg.org/spec/DMN/20180521/DC/" xmlns:modeler="http://camunda.org/schema/modeler/1.0" xmlns:di="http://www.omg.org/spec/DMN/20180521/DI/" id="Definitions_17toyqf" name="DRD" namespace="http://camunda.org/schema/1.0/dmn" exporter="Camunda Modeler" exporterVersion="5.0.0" modeler:executionPlatform="Camunda Cloud" modeler:executionPlatformVersion="8.0.0">
  <decision id="TemperatureComparator" name="TemperatureComparator">
    <informationRequirement id="InformationRequirement_00g7ma3">
      <requiredInput href="#InputData_19nldfj" />
    </informationRequirement>
    <decisionTable id="DecisionTable_1narro5">
      <input id="Input_1" label="inputTemperature">
        <inputExpression id="InputExpression_1" typeRef="integer">
          <text>temperatureReading</text>
        </inputExpression>
      </input>
      <output id="Output_1" name="thresholdExceeded" typeRef="string" />
      <rule id="DecisionRule_18cruvk">
        <inputEntry id="UnaryTests_196lre3">
          <text>&gt;50</text>
        </inputEntry>
        <outputEntry id="LiteralExpression_0ivqfyc">
          <text>"yes"</text>
        </outputEntry>
      </rule>
      <rule id="DecisionRule_0oauewm">
        <inputEntry id="UnaryTests_1m0wg7l">
          <text>&lt;=50</text>
        </inputEntry>
        <outputEntry id="LiteralExpression_0l1iw7q">
          <text>"no"</text>
        </outputEntry>
      </rule>
    </decisionTable>
  </decision>
  <inputData id="InputData_19nldfj" name="temperatureReading" />
  <decision id="Decision_0h17ami" name="action">
    <informationRequirement id="InformationRequirement_0hc0air">
      <requiredDecision href="#TemperatureComparator" />
    </informationRequirement>
    <decisionTable id="DecisionTable_0x3s4xp">
      <input id="InputClause_1r4ehsw">
        <inputExpression id="LiteralExpression_074um0d" typeRef="string">
          <text>thresholdExceeded</text>
        </inputExpression>
      </input>
      <output id="OutputClause_05cwcsp" label="notification" typeRef="string" />
      <rule id="DecisionRule_0hf7uz6">
        <inputEntry id="UnaryTests_0zn0c5h">
          <text>"yes"</text>
        </inputEntry>
        <outputEntry id="LiteralExpression_0osv43r" expressionLanguage="groovy">
          <text>dab.sendEvent(Event("ABOVE THRESHOLD", "SMS", targetDevice))</text>
        </outputEntry>
      </rule>
      <rule id="DecisionRule_1c7c8xr">
        <inputEntry id="UnaryTests_1a6cvwy">
          <text>"no"</text>
        </inputEntry>
        <outputEntry id="LiteralExpression_0tva666" expressionLanguage="groovy">
          <text>dab.sendEvent(Event("BELOW THRESHOLD", "SMS", targetDevice))</text>
        </outputEntry>
      </rule>
    </decisionTable>
  </decision>
  <dmndi:DMNDI>
    <dmndi:DMNDiagram>
      <dmndi:DMNShape dmnElementRef="TemperatureComparator">
        <dc:Bounds height="80" width="180" x="510" y="331" />
      </dmndi:DMNShape>
      <dmndi:DMNShape id="DMNShape_1c6l9ik" dmnElementRef="InputData_19nldfj">
        <dc:Bounds height="45" width="125" x="158" y="348" />
      </dmndi:DMNShape>
      <dmndi:DMNEdge id="DMNEdge_1sjf4i4" dmnElementRef="InformationRequirement_00g7ma3">
        <di:waypoint x="283" y="371" />
        <di:waypoint x="490" y="371" />
        <di:waypoint x="510" y="371" />
      </dmndi:DMNEdge>
      <dmndi:DMNEdge id="DMNEdge_0vidwjq" dmnElementRef="InformationRequirement_0hc0air">
        <di:waypoint x="690" y="371" />
        <di:waypoint x="870" y="371" />
        <di:waypoint x="890" y="371" />
      </dmndi:DMNEdge>
      <dmndi:DMNShape id="DMNShape_1bdcohf" dmnElementRef="Decision_0h17ami">
        <dc:Bounds height="80" width="180" x="890" y="331" />
      </dmndi:DMNShape>
    </dmndi:DMNDiagram>
  </dmndi:DMNDI>
</definitions>
