<?xml version="1.0" encoding="UTF-8"?>
<definitions xmlns="https://www.omg.org/spec/DMN/20191111/MODEL/" xmlns:dmndi="https://www.omg.org/spec/DMN/20191111/DMNDI/" xmlns:dc="http://www.omg.org/spec/DMN/20180521/DC/" xmlns:di="http://www.omg.org/spec/DMN/20180521/DI/" xmlns:biodi="http://bpmn.io/schema/dmn/biodi/2.0" id="Definitions_0g1t30a" name="DRD" namespace="http://camunda.org/schema/1.0/dmn" exporter="dmn-js (https://demo.bpmn.io/dmn)" exporterVersion="12.1.1">
  <decision id="TestParkingService" name="TestParkingService">
    <informationRequirement id="InformationRequirement_0d3rle9">
      <requiredInput href="#InputData_1lx7zok" />
    </informationRequirement>
    <informationRequirement id="InformationRequirement_01l73l8">
      <requiredInput href="#InputData_1foqhdv" />
    </informationRequirement>
    <decisionTable id="DecisionTable_1066ywh">
      <input id="Input_1" label="parkingDuration" biodi:width="192">
        <inputExpression id="InputExpression_1" typeRef="string">
          <text>parkingDuration</text>
        </inputExpression>
      </input>
      <input id="InputClause_1bz6o4u" label="registration">
        <inputExpression id="LiteralExpression_0adwvqu" typeRef="string">
          <text>registration</text>
        </inputExpression>
      </input>
      <output id="Output_1" label="transactionConfirmation" name="transactionConfirmation" typeRef="string" biodi:width="488" />
      <rule id="DecisionRule_0rupfwq">
        <inputEntry id="UnaryTests_0h48k0o">
          <text>"1 hour"</text>
        </inputEntry>
        <inputEntry id="UnaryTests_0nj72s1">
          <text>not(null)</text>
        </inputEntry>
        <outputEntry id="Pay5" expressionLanguage="groovy">
          <text>corda.payService(triggerDevice, targetDevice, 5, Event("5 Tokens Paid for vehicle '"+registration+"'", "SMS", targetDevice),
                                        Event("No funds for vehicle '"+registration+"'", "SMS", targetDevice))</text>
        </outputEntry>
      </rule>
      <rule id="DecisionRule_0o9fqie">
        <inputEntry id="UnaryTests_1a8yf9n">
          <text>"2 hours"</text>
        </inputEntry>
        <inputEntry id="UnaryTests_0c0fnah">
          <text>not(null)</text>
        </inputEntry>
        <outputEntry id="LiteralExpression_1eflkel" expressionLanguage="groovy">
          <text>corda.payService(triggerDevice, targetDevice, 12, Event("12 Tokens Paid for vehicle '"+registration+"'", "SMS", targetDevice),
                                        Event("No funds for vehicle '"+registration+"'", "SMS", targetDevice))</text>
        </outputEntry>
      </rule>
      <rule id="DecisionRule_1ecn3ts">
        <inputEntry id="UnaryTests_05lrbhf">
          <text>"3 hours"</text>
        </inputEntry>
        <inputEntry id="UnaryTests_1xo9smq">
          <text>not(null)</text>
        </inputEntry>
        <outputEntry id="LiteralExpression_0s7ljdd" expressionLanguage="groovy">
          <text>corda.payService(triggerDevice, targetDevice, 20, Event("20 Tokens Paid for vehicle '"+registration+"'", "SMS", targetDevice),
                                        Event("No funds for vehicle '"+registration+"'", "SMS", targetDevice))</text>
        </outputEntry>
      </rule>
      <rule id="DecisionRule_02pvtks">
        <inputEntry id="UnaryTests_1l32npe">
          <text>"4 hours"</text>
        </inputEntry>
        <inputEntry id="UnaryTests_1azwdw6">
          <text>not(null)</text>
        </inputEntry>
        <outputEntry id="LiteralExpression_1gl6iwa" expressionLanguage="groovy">
          <text>corda.payService(triggerDevice, targetDevice, 30, Event("30 Tokens Paid for vehicle '"+registration+"'", "SMS", targetDevice),
                                        Event("No funds for vehicle '"+registration+"'", "SMS", targetDevice))</text>
        </outputEntry>
      </rule>
      <rule id="DecisionRule_1pr406a">
        <inputEntry id="UnaryTests_02rulqb">
          <text>"All day"</text>
        </inputEntry>
        <inputEntry id="UnaryTests_1n5nv1x">
          <text>not(null)</text>
        </inputEntry>
        <outputEntry id="LiteralExpression_0ismgea" expressionLanguage="groovy">
          <text>corda.payService(triggerDevice, targetDevice, 50, Event("50 Tokens Paid for vehicle '"+registration+"'", "SMS", targetDevice),
                                        Event("No funds for vehicle '"+registration+"'", "SMS", targetDevice))</text>
        </outputEntry>
      </rule>
    </decisionTable>
  </decision>
  <inputData id="InputData_1lx7zok" name="parkingDuration" />
  <inputData id="InputData_1foqhdv" name="registration" />
  <dmndi:DMNDI>
    <dmndi:DMNDiagram>
      <dmndi:DMNShape dmnElementRef="TestParkingService">
        <dc:Bounds height="80" width="180" x="380" y="100" />
      </dmndi:DMNShape>
      <dmndi:DMNShape id="DMNShape_1q9q0x4" dmnElementRef="InputData_1lx7zok">
        <dc:Bounds height="45" width="125" x="157" y="117" />
      </dmndi:DMNShape>
      <dmndi:DMNEdge id="DMNEdge_00zq6xd" dmnElementRef="InformationRequirement_0d3rle9">
        <di:waypoint x="282" y="140" />
        <di:waypoint x="360" y="140" />
        <di:waypoint x="380" y="140" />
      </dmndi:DMNEdge>
      <dmndi:DMNShape id="DMNShape_0y8nymr" dmnElementRef="InputData_1foqhdv">
        <dc:Bounds height="45" width="125" x="158" y="228" />
      </dmndi:DMNShape>
      <dmndi:DMNEdge id="DMNEdge_1rwpr9h" dmnElementRef="InformationRequirement_01l73l8">
        <di:waypoint x="221" y="228" />
        <di:waypoint x="470" y="200" />
        <di:waypoint x="470" y="180" />
      </dmndi:DMNEdge>
    </dmndi:DMNDiagram>
  </dmndi:DMNDI>
</definitions>
