<?xml version="1.0" encoding="UTF-8"?>
<definitions xmlns="https://www.omg.org/spec/DMN/20191111/MODEL/" xmlns:dmndi="https://www.omg.org/spec/DMN/20191111/DMNDI/" xmlns:dc="http://www.omg.org/spec/DMN/20180521/DC/" xmlns:di="http://www.omg.org/spec/DMN/20180521/DI/" xmlns:biodi="http://bpmn.io/schema/dmn/biodi/2.0" xmlns:modeler="http://camunda.org/schema/modeler/1.0" id="Definitions_17toyqf" name="DRD" namespace="http://camunda.org/schema/1.0/dmn" exporter="dmn-js (https://demo.bpmn.io/dmn)" exporterVersion="12.1.1" modeler:executionPlatform="Camunda Cloud" modeler:executionPlatformVersion="8.0.0">
  <decision id="TemperatureComparator" name="TemperatureComparator">
    <informationRequirement id="InformationRequirement_00g7ma3">
      <requiredInput href="#InputData_19nldfj" />
    </informationRequirement>
    <decisionTable id="DecisionTable_1narro5">
      <input id="Input_1" label="inputTemperature" biodi:width="192">
        <inputExpression id="InputExpression_1" typeRef="integer">
          <text>inputTemperature</text>
        </inputExpression>
      </input>
      <output id="Output_1" label="thresholdExceeded" name="thresholdExceeded" typeRef="string" />
      <output id="OutputClause_0q04mza" label="notification" name="action" typeRef="string" />
      <rule id="DecisionRule_18cruvk">
        <inputEntry id="UnaryTests_196lre3">
          <text>&gt;50</text>
        </inputEntry>
        <outputEntry id="LiteralExpression_0ivqfyc">
          <text>"yes"</text>
        </outputEntry>
        <outputEntry id="LiteralExpression_1c6copl" expressionLanguage="groovy">
          <text>dab.sendEvent(Event("ABOVE THRESHOLD", "SMS", targetDevice))</text>
        </outputEntry>
      </rule>
      <rule id="DecisionRule_0oauewm">
        <inputEntry id="UnaryTests_1m0wg7l">
          <text>&lt;=50</text>
        </inputEntry>
        <outputEntry id="LiteralExpression_0l1iw7q">
          <text>"no"</text>
        </outputEntry>
        <outputEntry id="LiteralExpression_0re94ft" expressionLanguage="groovy">
          <text>dab.sendEvent(Event("BELOW THRESHOLD", "SMS", targetDevice))</text>
        </outputEntry>
      </rule>
    </decisionTable>
  </decision>
  <inputData id="InputData_19nldfj" name="inputTemperature" />
  <dmndi:DMNDI>
    <dmndi:DMNDiagram>
      <dmndi:DMNShape dmnElementRef="TemperatureComparator">
        <dc:Bounds height="80" width="180" x="510" y="81" />
      </dmndi:DMNShape>
      <dmndi:DMNShape id="DMNShape_1c6l9ik" dmnElementRef="InputData_19nldfj">
        <dc:Bounds height="45" width="125" x="158" y="98" />
      </dmndi:DMNShape>
      <dmndi:DMNEdge id="DMNEdge_1sjf4i4" dmnElementRef="InformationRequirement_00g7ma3">
        <di:waypoint x="283" y="121" />
        <di:waypoint x="490" y="121" />
        <di:waypoint x="510" y="121" />
      </dmndi:DMNEdge>
    </dmndi:DMNDiagram>
  </dmndi:DMNDI>
</definitions>