<?xml version="1.0" encoding="UTF-8"?>
<definitions xmlns="https://www.omg.org/spec/DMN/20191111/MODEL/" xmlns:dmndi="https://www.omg.org/spec/DMN/20191111/DMNDI/" xmlns:dc="http://www.omg.org/spec/DMN/20180521/DC/" xmlns:di="http://www.omg.org/spec/DMN/20180521/DI/" xmlns:biodi="http://bpmn.io/schema/dmn/biodi/2.0" id="Definitions_0g1t30a" name="DRD" namespace="http://camunda.org/schema/1.0/dmn" exporter="Camunda Modeler" exporterVersion="5.0.0">
  <decision id="ThemePark" name="ThemePark">
    <informationRequirement id="InformationRequirement_0d3rle9">
      <requiredInput href="#InputData_1lx7zok" />
    </informationRequirement>
    <informationRequirement id="InformationRequirement_2">
      <requiredInput href="#InputData_2" />
    </informationRequirement>
    <decisionTable id="DecisionTable_1066ywh">
      <input id="Input_1" label="rideType" biodi:width="192">
        <inputExpression id="InputExpression_1" typeRef="string">
          <text>rideType</text>
        </inputExpression>
      </input>
      <input id="Input_2" label="rideName">
        <inputExpression id="InputExpression_2" typeRef="string">
          <text>rideName</text>
        </inputExpression>
      </input>
      <output id="Output_1" label="transactionCost" name="transactionCost" typeRef="string" biodi:width="488" />
      <rule id="DecisionRule_0rupfwq">
        <inputEntry id="UnaryTests_0h48k0o">
          <text>"gentle"</text>
        </inputEntry>
        <inputEntry id="UnaryTests_1v4mw10">
          <text>not(null)</text>
        </inputEntry>
        <outputEntry id="pay20" expressionLanguage="groovy">
              <text>corda.payService(triggerDevice, targetDevice, 20, Event("20 Tokens Paid by "+triggerDevice+" for ride '"+rideName+"'", "SMS", targetDevice),
                                  Event("Out of tokens, please buy more", "SMS", triggerDevice))</text>
        </outputEntry>
      </rule>
      <rule id="DecisionRule_1tddv5o">
        <inputEntry id="UnaryTests_0khw7kr">
          <text>"regular"</text>
        </inputEntry>
        <inputEntry id="UnaryTests_1l7mahh">
          <text>not(null)</text>
        </inputEntry>
        <outputEntry id="pay40" expressionLanguage="groovy">
              <text>corda.payService(triggerDevice, targetDevice, 40, Event("40 Tokens Paid by "+triggerDevice+" for ride '"+rideName+"'", "SMS", targetDevice),
                                  Event("Out of tokens, please buy more", "SMS", triggerDevice))</text>
        </outputEntry>
      </rule>
      <rule id="DecisionRule_0tjr477">
        <inputEntry id="UnaryTests_1kqvqn9">
          <text>"thrilling"</text>
        </inputEntry>
        <inputEntry id="UnaryTests_0mybbx6">
          <text>not(null)</text>
        </inputEntry>
        <outputEntry id="pay60" expressionLanguage="groovy">
              <text>corda.payService(triggerDevice, targetDevice, 60, Event("60 Tokens Paid by "+triggerDevice+" for ride '"+rideName+"'", "SMS", targetDevice),
                                  Event("Out of tokens, please buy more", "SMS", triggerDevice))</text>
        </outputEntry>
      </rule>
      <rule id="DecisionRule_1j7it19">
        <inputEntry id="UnaryTests_0xwwvil">
          <text>"junior"</text>
        </inputEntry>
        <inputEntry id="UnaryTests_1nmw00u">
          <text>not(null)</text>
        </inputEntry>
        <outputEntry id="pay10"  expressionLanguage="groovy">
              <text>corda.payService(triggerDevice, targetDevice, 10, Event("10 Tokens Paid by "+triggerDevice+" for ride '"+rideName+"'", "SMS", targetDevice),
                                  Event("Out of tokens, please buy more", "SMS", triggerDevice))</text>
        </outputEntry>
      </rule>
    </decisionTable>
  </decision>
  <inputData id="InputData_1lx7zok" name="rideType" />
  <inputData id="InputData_2" name="rideName" />
  <dmndi:DMNDI>
    <dmndi:DMNDiagram>
      <dmndi:DMNShape dmnElementRef="ThemePark">
        <dc:Bounds height="80" width="180" x="160" y="100" />
      </dmndi:DMNShape>
      <dmndi:DMNShape id="DMNShape_1q9q0x4" dmnElementRef="InputData_1lx7zok">
        <dc:Bounds height="45" width="125" x="-63" y="117" />
      </dmndi:DMNShape>
      <dmndi:DMNEdge id="DMNEdge_00zq6xd" dmnElementRef="InformationRequirement_0d3rle9">
        <di:waypoint x="62" y="140" />
        <di:waypoint x="140" y="140" />
        <di:waypoint x="160" y="140" />
      </dmndi:DMNEdge>
    </dmndi:DMNDiagram>
  </dmndi:DMNDI>
</definitions>
