<?xml version="1.0" encoding="UTF-8"?>
<definitions xmlns="https://www.omg.org/spec/DMN/20191111/MODEL/" xmlns:dmndi="https://www.omg.org/spec/DMN/20191111/DMNDI/" xmlns:dc="http://www.omg.org/spec/DMN/20180521/DC/" xmlns:di="http://www.omg.org/spec/DMN/20180521/DI/" xmlns:biodi="http://bpmn.io/schema/dmn/biodi/2.0" id="Definitions_0g1t30a" name="DRD" namespace="http://camunda.org/schema/1.0/dmn" exporter="Camunda Modeler" exporterVersion="5.0.0">
  <decision id="MyIDService" name="MyIDService">
    <informationRequirement id="InformationRequirement_0d3rle9">
      <requiredInput href="#InputData_1lx7zok" />
    </informationRequirement>
    <decisionTable id="DecisionTable_1066ywh">
      <input id="Input_1" label="command" biodi:width="192">
        <inputExpression id="InputExpression_1" typeRef="string">
          <text>command</text>
        </inputExpression>
      </input>
      <output id="Output_1" label="transactionConfirmation" name="transactionConfirmation" typeRef="string" biodi:width="488" />
      <rule id="DecisionRule_0rupfwq">
        <inputEntry id="UnaryTests_0h48k0o">
          <text>"confirm"</text>
        </inputEntry>
        <outputEntry id="Response" expressionLanguage="groovy">
          <text>dab.sendEvent(Event("Your device UUID is: "+triggerDevice, "SMS", triggerDevice))</text>
        </outputEntry>
      </rule>
    </decisionTable>
  </decision>
  <inputData id="InputData_1lx7zok" name="command" />
  <dmndi:DMNDI>
    <dmndi:DMNDiagram>
      <dmndi:DMNShape dmnElementRef="MyIDService">
        <dc:Bounds height="80" width="180" x="380" y="100" />
      </dmndi:DMNShape>
      <dmndi:DMNShape id="DMNShape_1q9q0x4" dmnElementRef="InputData_1lx7zok">
        <dc:Bounds height="45" width="125" x="157" y="117" />
      </dmndi:DMNShape>
      <dmndi:DMNEdge id="DMNEdge_00zq6xd" dmnElementRef="InformationRequirement_0d3rle9">
        <di:waypoint x="282" y="140" />
        <di:waypoint x="360" y="140" />
        <di:waypoint x="380" y="140" />
      </dmndi:DMNEdge>
    </dmndi:DMNDiagram>
  </dmndi:DMNDI>
</definitions>
