<?xml version="1.0" encoding="UTF-8"?>
<definitions xmlns="https://www.omg.org/spec/DMN/20191111/MODEL/" xmlns:dmndi="https://www.omg.org/spec/DMN/20191111/DMNDI/" xmlns:dc="http://www.omg.org/spec/DMN/20180521/DC/" xmlns:di="http://www.omg.org/spec/DMN/20180521/DI/" xmlns:biodi="http://bpmn.io/schema/dmn/biodi/2.0" id="Definitions_049457m" name="helloWorld" namespace="http://camunda.org/schema/1.0/dmn" exporter="dmn-js (https://demo.bpmn.io/dmn)" exporterVersion="12.1.0">
    <decision id="helloWorld" name="helloWorld">
        <informationRequirement id="InformationRequirement_0wd2t4m">
            <requiredDecision href="#amount" />
        </informationRequirement>
        <decisionTable id="DecisionTable_1u1a9c7">
            <input id="InputClause_0th0y8x" label="message" biodi:width="192">
                <inputExpression id="LiteralExpression_18kor37" typeRef="string" expressionLanguage="feel">
                    <text>message</text>
                </inputExpression>
            </input>
            <output id="OutputClause_1pc2cy4" label="messageToDevice" name="messageToDevice" typeRef="string" biodi:width="509" />
            <rule id="DecisionRule_0z6vo1v">
                <inputEntry id="UnaryTests_1os6nu2">
                    <text>not(null)</text>
                </inputEntry>
                <outputEntry id="LiteralExpression_11vxr9s" expressionLanguage="groovy">
                    <text>dab.sendEvent(Event(message, "SMS", triggerDevice))</text>
                </outputEntry>
            </rule>
        </decisionTable>
    </decision>
    <decision id="amount" name="message">
        <informationRequirement id="InformationRequirement_0rjq293">
            <requiredInput href="#InputData_08dodoz" />
        </informationRequirement>
        <decisionTable id="DecisionTable_1azkhd1" hitPolicy="FIRST">
            <input id="InputClause_0h1a0d8" label="name" biodi:width="192">
                <inputExpression id="LiteralExpression_0yz44uv" typeRef="string" expressionLanguage="feel">
                    <text>name</text>
                </inputExpression>
            </input>
            <output id="OutputClause_1ma62xt" label="message" name="message" typeRef="string" biodi:width="286" />
            <rule id="DecisionRule_18attkr">
                <inputEntry id="UnaryTests_1rwyeht">
                    <text>not(null)</text>
                </inputEntry>
                <outputEntry id="LiteralExpression_1s9tb1s" typeRef="string" expressionLanguage="feel">
                    <text>"Hello World " + name + "!"</text>
                </outputEntry>
            </rule>
        </decisionTable>
    </decision>
    <inputData id="InputData_08dodoz" name="name" />
    <dmndi:DMNDI>
        <dmndi:DMNDiagram>
            <dmndi:DMNShape dmnElementRef="helloWorld">
                <dc:Bounds height="80" width="180" x="740" y="80" />
            </dmndi:DMNShape>
            <dmndi:DMNShape id="DMNShape_1k60d5r" dmnElementRef="amount">
                <dc:Bounds height="80" width="180" x="440" y="80" />
            </dmndi:DMNShape>
            <dmndi:DMNEdge id="DMNEdge_01a7xw1" dmnElementRef="InformationRequirement_0wd2t4m">
                <di:waypoint x="620" y="120" />
                <di:waypoint x="720" y="120" />
                <di:waypoint x="740" y="120" />
            </dmndi:DMNEdge>
            <dmndi:DMNShape id="DMNShape_1gl1uin" dmnElementRef="InputData_08dodoz">
                <dc:Bounds height="45" width="125" x="177" y="97" />
            </dmndi:DMNShape>
            <dmndi:DMNEdge id="DMNEdge_0ocd9fe" dmnElementRef="InformationRequirement_0rjq293">
                <di:waypoint x="302" y="120" />
                <di:waypoint x="420" y="120" />
                <di:waypoint x="440" y="120" />
            </dmndi:DMNEdge>
        </dmndi:DMNDiagram>
    </dmndi:DMNDI>
</definitions>