<?xml version="1.0" encoding="UTF-8"?>
<definitions xmlns="https://www.omg.org/spec/DMN/20191111/MODEL/"
             xmlns:dmndi="https://www.omg.org/spec/DMN/20191111/DMNDI/"
             xmlns:dc="http://www.omg.org/spec/DMN/20180521/DC/" xmlns:di="http://www.omg.org/spec/DMN/20180521/DI/"
             id="Definitions_04957m" name="DRD" namespace="http://camunda.org/schema/1.0/dmn" exporter="Camunda Modeler"
             exporterVersion="4.5.0">
    <decision id="Test" name="Test">
        <informationRequirement id="InformationRequirement_0wd2t4m">
            <requiredDecision href="#amount"/>
        </informationRequirement>
        <decisionTable id="DecisionTable_1u1a9c7">
            <input id="InputClause_0th0y8x" label="totalAmount">
                <inputExpression id="LiteralExpression_18kor37" typeRef="long" expressionLanguage="groovy">
                    <text>totalAmount</text>
                </inputExpression>
            </input>
            <output id="OutputClause_1pc2cy4" label="action" name="action" typeRef="string"/>
            <output id="OutputClause_1qblhrb" label="offchain" name="offchain" typeRef="string"/>
            <rule id="DecisionRule_0z6vo1v">
                <inputEntry id="UnaryTests_1os6nu2">
                    <text>0</text>
                </inputEntry>
                <outputEntry id="LiteralExpression_11vxr9s" expressionLanguage="groovy">
                    <text>dab.sendEvent(Event("STOP_CHARGE", "SMS", triggerDevice))</text>
                </outputEntry>
                <outputEntry id="LiteralExpression_0tjhybh">
                    <text/>
                </outputEntry>
            </rule>
            <rule id="DecisionRule_0kr681y">
                <inputEntry id="UnaryTests_098y0vr">
                    <text>&gt; 0</text>
                </inputEntry>
                <outputEntry id="LiteralExpression_1uptv4r" expressionLanguage="groovy">
                    <text>corda.payService(targetDevice, triggerDevice, totalAmount, Event("START_CHARGE", "SMS",
                        triggerDevice), Event("STOP_CHARGE", "SMS", triggerDevice))
                    </text>
                </outputEntry>
                <outputEntry id="LiteralExpression_0pzj5nc" expressionLanguage="groovy">
                    <text>corda.offChain("EV_CHARGE_START",service, triggerDevice, targetDevice,[name: "Mustafa", age:
                        24, city: "New York"])
                    </text>
                </outputEntry>
            </rule>
        </decisionTable>
    </decision>
    <decision id="amount" name="amount">
        <informationRequirement id="InformationRequirement_0rjq293">
            <requiredInput href="#InputData_08dodoz"/>
        </informationRequirement>
        <decisionTable id="DecisionTable_1azkhd1" hitPolicy="FIRST">
            <input id="InputClause_0h1a0d8" label="chargedValue">
                <inputExpression id="LiteralExpression_0yz44uv" typeRef="long">
                    <text>chargedValue</text>
                </inputExpression>
            </input>
            <output id="OutputClause_1ma62xt" label="totalAmount" name="totalAmount" typeRef="long"/>
            <rule id="DecisionRule_18attkr">
                <inputEntry id="UnaryTests_1rwyeht">
                    <text>&lt;= 0</text>
                </inputEntry>
                <outputEntry id="LiteralExpression_1s9tb1s">
                    <text>0</text>
                </outputEntry>
            </rule>
            <rule id="DecisionRule_08g757l">
                <inputEntry id="UnaryTests_1kegwas">
                    <text>&lt; 100</text>
                </inputEntry>
                <outputEntry id="LiteralExpression_025mgj0" expressionLanguage="groovy">
                    <text>chargedValue*3</text>
                </outputEntry>
            </rule>
            <rule id="DecisionRule_0ila6un">
                <inputEntry id="UnaryTests_1ipz95r">
                    <text>&gt;= 100</text>
                </inputEntry>
                <outputEntry id="LiteralExpression_1yscpv5" expressionLanguage="groovy">
                    <text>chargedValue*5</text>
                </outputEntry>
            </rule>
        </decisionTable>
    </decision>
    <inputData id="InputData_08dodoz" name="chargedValue"/>
    <dmndi:DMNDI>
        <dmndi:DMNDiagram>
            <dmndi:DMNShape dmnElementRef="evCharger">
                <dc:Bounds height="80" width="180" x="740" y="300"/>
            </dmndi:DMNShape>
            <dmndi:DMNShape id="DMNShape_1k60d5r" dmnElementRef="amount">
                <dc:Bounds height="80" width="180" x="440" y="300"/>
            </dmndi:DMNShape>
            <dmndi:DMNEdge id="DMNEdge_01a7xw1" dmnElementRef="InformationRequirement_0wd2t4m">
                <di:waypoint x="620" y="340"/>
                <di:waypoint x="720" y="340"/>
                <di:waypoint x="740" y="340"/>
            </dmndi:DMNEdge>
            <dmndi:DMNShape id="DMNShape_1gl1uin" dmnElementRef="InputData_08dodoz">
                <dc:Bounds height="45" width="125" x="177" y="317"/>
            </dmndi:DMNShape>
            <dmndi:DMNEdge id="DMNEdge_0ocd9fe" dmnElementRef="InformationRequirement_0rjq293">
                <di:waypoint x="302" y="340"/>
                <di:waypoint x="420" y="340"/>
                <di:waypoint x="440" y="340"/>
            </dmndi:DMNEdge>
        </dmndi:DMNDiagram>
    </dmndi:DMNDI>
</definitions>
